{"_type":"export","__export_format":4,"__export_date":"2022-05-20T11:52:00.003Z","__export_source":"insomnia.desktop.app:v2022.3.0","resources":[{"_id":"req_33755b0aae32450d8e2083513289b914","parentId":"fld_56bd55a17b6f4dd4b178b2782296012c","modified":1652876539312,"created":1652440450088,"url":"http://localhost:4000/api/v0.0/orders ","name":"/orders/","description":"","method":"GET","body":{},"parameters":[],"headers":[],"authentication":{},"metaSortKey":-1652440450288,"isPrivate":false,"settingStoreCookies":true,"settingSendCookies":true,"settingDisableRenderRequestBody":false,"settingEncodeUrl":true,"settingRebuildPath":true,"settingFollowRedirects":"global","_type":"request"},{"_id":"fld_56bd55a17b6f4dd4b178b2782296012c","parentId":"wrk_d7b7c77e3aea4a98bca57462d9de2d63","modified":1652440439901,"created":1652440439901,"name":"Orders","description":"","environment":{},"environmentPropertyOrder":null,"metaSortKey":-1652440439901,"_type":"request_group"},{"_id":"wrk_d7b7c77e3aea4a98bca57462d9de2d63","parentId":null,"modified":1652266494007,"created":1652266494007,"name":"Luawave","description":"","scope":"design","_type":"workspace"},{"_id":"req_96894d78f0c04ab8aa8dcf91746734bc","parentId":"fld_56bd55a17b6f4dd4b178b2782296012c","modified":1652947867848,"created":1652868967248,"url":"http://localhost:4000/api/v0.0/order/2","name":"/order/","description":"","method":"GET","body":{},"parameters":[],"headers":[],"authentication":{},"metaSortKey":-1652440450238,"isPrivate":false,"settingStoreCookies":true,"settingSendCookies":true,"settingDisableRenderRequestBody":false,"settingEncodeUrl":true,"settingRebuildPath":true,"settingFollowRedirects":"global","_type":"request"},{"_id":"req_01ed9a8f624947a9901ac4bb2275a18c","parentId":"fld_56bd55a17b6f4dd4b178b2782296012c","modified":1653046341590,"created":1652862987154,"url":"http://localhost:4000/api/v0.0/order","name":"/order/","description":"","method":"POST","body":{"mimeType":"application/json","text":"{\n\t\"Name\":\"israel\",\n\t\"DNI\":\"12421321314\",\n\t\"Email\": \"dddd@dfdf.dd\", \n\t\"Phone\":\"4124176\",\n\t\"Code_postal\":\"54664\",\n\t\"Articles\":[\n\t\t{ \"Articles_id\": 1,\n\t\t\"Quantity\": 100},\n\t\t{ \"Articles_id\": 2,\n\t\t\"Quantity\": 25 }\n\t]\n}"},"parameters":[],"headers":[{"name":"Content-Type","value":"application/json","id":"pair_19b9977a44d64db583444b116ef1afbd"}],"authentication":{},"metaSortKey":-1652440450138,"isPrivate":false,"settingStoreCookies":true,"settingSendCookies":true,"settingDisableRenderRequestBody":false,"settingEncodeUrl":true,"settingRebuildPath":true,"settingFollowRedirects":"global","_type":"request"},{"_id":"req_8489818ba39049d0911cf21cdb3c1f58","parentId":"fld_56bd55a17b6f4dd4b178b2782296012c","modified":1653046324054,"created":1652875865565,"url":"http://localhost:4000/api/v0.0/order","name":"/order/","description":"","method":"PUT","body":{"mimeType":"application/json","text":"{\n\t\"Rental_id\": 1 , \n\t\"Name\":\"321343452567\",\n\t\"DNI\":\"12421321314\",\n\t\"Email\": \"dddd@dfdf.dd\", \n\t\"Phone\":\"4124176\",\n\t\"Code_postal\":\"54664\",\n\t\"Articles\":[\n\t\t{ \"Articles_id\": 1,\n\t\t\"Quantity\": 5},\n\t\t{ \"Articles_id\": 2,\n\t\t\"Quantity\": 7 }\n\t]\n}"},"parameters":[],"headers":[{"name":"Content-Type","value":"application/json","id":"pair_47029a1aa0de44c481628c07661e92ee"}],"authentication":{},"metaSortKey":-1652440450088,"isPrivate":false,"settingStoreCookies":true,"settingSendCookies":true,"settingDisableRenderRequestBody":false,"settingEncodeUrl":true,"settingRebuildPath":true,"settingFollowRedirects":"global","_type":"request"},{"_id":"req_295d87f13a474c2f82d83ccea9aadbb4","parentId":"fld_56bd55a17b6f4dd4b178b2782296012c","modified":1653041345073,"created":1652876268962,"url":"http://localhost:4000/api/v0.0/order","name":"/order/","description":"","method":"DELETE","body":{"mimeType":"application/json","text":"{\n\t\"Rental_id\": 1\n}"},"parameters":[],"headers":[{"name":"Content-Type","value":"application/json","id":"pair_5cfb9618ae174c2e96a19ec11996e22e"}],"authentication":{},"metaSortKey":-1652440450038,"isPrivate":false,"settingStoreCookies":true,"settingSendCookies":true,"settingDisableRenderRequestBody":false,"settingEncodeUrl":true,"settingRebuildPath":true,"settingFollowRedirects":"global","_type":"request"},{"_id":"req_56dbb438f0804cc9920da959a9adaf69","parentId":"fld_815ecec441ff4dcd8464dc0f2eceebb6","modified":1653038990022,"created":1652266512117,"url":"http://localhost:4000/api/v0.0/articles/","name":"/articles/","description":"","method":"GET","body":{},"parameters":[],"headers":[],"authentication":{},"metaSortKey":-1652271057958,"isPrivate":false,"settingStoreCookies":true,"settingSendCookies":true,"settingDisableRenderRequestBody":false,"settingEncodeUrl":true,"settingRebuildPath":true,"settingFollowRedirects":"global","_type":"request"},{"_id":"fld_815ecec441ff4dcd8464dc0f2eceebb6","parentId":"wrk_d7b7c77e3aea4a98bca57462d9de2d63","modified":1652339549618,"created":1652339549618,"name":"Articles","description":"","environment":{},"environmentPropertyOrder":null,"metaSortKey":-1652339549618,"_type":"request_group"},{"_id":"req_85687510395a46c4b32c92ac349230ea","parentId":"fld_815ecec441ff4dcd8464dc0f2eceebb6","modified":1652351711323,"created":1652268171649,"url":"http://localhost:4000/api/v0.0/article/1","name":"/article","description":"","method":"GET","body":{},"parameters":[],"headers":[],"authentication":{},"metaSortKey":-1652271057933,"isPrivate":false,"settingStoreCookies":true,"settingSendCookies":true,"settingDisableRenderRequestBody":false,"settingEncodeUrl":true,"settingRebuildPath":true,"settingFollowRedirects":"global","_type":"request"},{"_id":"req_21c03a00c02e4eee941a0db863b4b6fc","parentId":"fld_815ecec441ff4dcd8464dc0f2eceebb6","modified":1653046894459,"created":1652267007646,"url":"http://localhost:4000/api/v0.0/article/","name":"/article/","description":"","method":"POST","body":{"mimeType":"application/json","text":"{\n\t\"Name\":\"Skate\",\n\t\"Description\": \"asef2d\",\n\t\"Stock\": 1223,\n\t\"Photo\": \"2\",\n\t\"Price\": 12323,\n\t\"Category\": 1\n}"},"parameters":[],"headers":[{"name":"Content-Type","value":"application/json","id":"pair_a2f20dc9fa914f89ae94f32c6cd6924e"}],"authentication":{},"metaSortKey":-1652271057908,"isPrivate":false,"settingStoreCookies":true,"settingSendCookies":true,"settingDisableRenderRequestBody":false,"settingEncodeUrl":true,"settingRebuildPath":true,"settingFollowRedirects":"global","_type":"request"},{"_id":"req_49aee5693d2141ca8cf04b4f3d6a6a82","parentId":"fld_815ecec441ff4dcd8464dc0f2eceebb6","modified":1653046860466,"created":1652270235401,"url":"http://localhost:4000/api/v0.0/article/","name":"/article/","description":"","method":"PUT","body":{"mimeType":"application/json","text":"\t{\n\t\t\"Articles_id\": 2,\n\t\t\"Name\": \"Skate\",\n\t\t\"Description\": \"as2d\",\n\t\t\"Category\": 1,\n\t\t\"Price\": 123123\n\t}"},"parameters":[],"headers":[{"name":"Content-Type","value":"application/json","id":"pair_1fcc9bb69e774e88a3a404aa111c3742"}],"authentication":{},"metaSortKey":-1652271057858,"isPrivate":false,"settingStoreCookies":true,"settingSendCookies":true,"settingDisableRenderRequestBody":false,"settingEncodeUrl":true,"settingRebuildPath":true,"settingFollowRedirects":"global","_type":"request"},{"_id":"req_93b9f8a34def4a2c8845475e1d0ae9b2","parentId":"fld_815ecec441ff4dcd8464dc0f2eceebb6","modified":1652436409796,"created":1652271057958,"url":"http://localhost:4000/api/v0.0/article/","name":"/article/","description":"","method":"DELETE","body":{"mimeType":"application/json","text":"{\n\t\"Articles_id\": 2\n}"},"parameters":[],"headers":[{"name":"Content-Type","value":"application/json","id":"pair_5bb3313145184be3a60186471bb0fee9"}],"authentication":{},"metaSortKey":-1652271057808,"isPrivate":false,"settingStoreCookies":true,"settingSendCookies":true,"settingDisableRenderRequestBody":false,"settingEncodeUrl":true,"settingRebuildPath":true,"settingFollowRedirects":"global","_type":"request"},{"_id":"req_25e9bd080b0d4526be914785d04b1c65","parentId":"fld_a03961f203d940d09791ef8d25da1d3a","modified":1652947942973,"created":1652339510644,"url":"http://localhost:4000/api/v0.0/categories","name":"/categories","description":"","method":"GET","body":{},"parameters":[],"headers":[],"authentication":{},"metaSortKey":-1652271057808,"isPrivate":false,"settingStoreCookies":true,"settingSendCookies":true,"settingDisableRenderRequestBody":false,"settingEncodeUrl":true,"settingRebuildPath":true,"settingFollowRedirects":"global","_type":"request"},{"_id":"fld_a03961f203d940d09791ef8d25da1d3a","parentId":"wrk_d7b7c77e3aea4a98bca57462d9de2d63","modified":1652947927327,"created":1652339526101,"name":"Categories","description":"","environment":{},"environmentPropertyOrder":null,"metaSortKey":-1652271057858,"_type":"request_group"},{"_id":"req_a4c7bff1cdfe4833a0cc460571b38f96","parentId":"fld_a03961f203d940d09791ef8d25da1d3a","modified":1652947947076,"created":1652339686058,"url":"http://localhost:4000/api/v0.0/category/1","name":"/category","description":"","method":"GET","body":{},"parameters":[],"headers":[],"authentication":{},"metaSortKey":-1651490137491.875,"isPrivate":false,"settingStoreCookies":true,"settingSendCookies":true,"settingDisableRenderRequestBody":false,"settingEncodeUrl":true,"settingRebuildPath":true,"settingFollowRedirects":"global","_type":"request"},{"_id":"req_ca3982e0fa58439eb927858867ce85f4","parentId":"fld_a03961f203d940d09791ef8d25da1d3a","modified":1653038954158,"created":1652339910701,"url":"http://localhost:4000/api/v0.0/category/","name":"/category","description":"","method":"POST","body":{"mimeType":"application/json","text":"{\n\t\"Name\":\"Skate\",\n\t\"Description\": \"Las cositas del skate\"\n}"},"parameters":[],"headers":[{"name":"Content-Type","value":"application/json","id":"pair_a2f20dc9fa914f89ae94f32c6cd6924e"}],"authentication":{},"metaSortKey":-1651490137441.875,"isPrivate":false,"settingStoreCookies":true,"settingSendCookies":true,"settingDisableRenderRequestBody":false,"settingEncodeUrl":true,"settingRebuildPath":true,"settingFollowRedirects":"global","_type":"request"},{"_id":"req_a359219ac3f94cdd8ab20c8b3dd5de7d","parentId":"fld_a03961f203d940d09791ef8d25da1d3a","modified":1652947983101,"created":1652339934524,"url":"http://localhost:4000/api/v0.0/category/","name":"/category","description":"","method":"PUT","body":{"mimeType":"application/json","text":"\t{\n\t\t\"ID_category\": 1,\n\t\t\"Name\": \"Surffff\",\n\t\t\"Description\": \"Las cositas del surf y alguna más\"\n\t}"},"parameters":[],"headers":[{"name":"Content-Type","value":"application/json","id":"pair_1fcc9bb69e774e88a3a404aa111c3742"}],"authentication":{},"metaSortKey":-1651490137391.875,"isPrivate":false,"settingStoreCookies":true,"settingSendCookies":true,"settingDisableRenderRequestBody":false,"settingEncodeUrl":true,"settingRebuildPath":true,"settingFollowRedirects":"global","_type":"request"},{"_id":"req_99946878af8b4e06be2d1e91b0421c9d","parentId":"fld_a03961f203d940d09791ef8d25da1d3a","modified":1652947990878,"created":1652339947356,"url":"http://localhost:4000/api/v0.0/category/","name":"/category","description":"","method":"DELETE","body":{"mimeType":"application/json","text":"{\n\t\"ID_category\": 1\n}"},"parameters":[],"headers":[{"name":"Content-Type","value":"application/json","id":"pair_5bb3313145184be3a60186471bb0fee9"}],"authentication":{},"metaSortKey":-1651490137341.875,"isPrivate":false,"settingStoreCookies":true,"settingSendCookies":true,"settingDisableRenderRequestBody":false,"settingEncodeUrl":true,"settingRebuildPath":true,"settingFollowRedirects":"global","_type":"request"},{"_id":"req_30b27edffbfd41d2acf2645ae6cfa7fd","parentId":"fld_022a953dfbd0407d9ceff6f64b8ab51b","modified":1652436519446,"created":1652382244496,"url":"http://localhost:4000/api/v0.0/staffs/","name":"/staffs/","description":"","method":"GET","body":{"mimeType":"application/json","text":""},"parameters":[],"headers":[],"authentication":{},"metaSortKey":-1652339549868.7812,"isPrivate":false,"settingStoreCookies":true,"settingSendCookies":true,"settingDisableRenderRequestBody":false,"settingEncodeUrl":true,"settingRebuildPath":true,"settingFollowRedirects":"global","_type":"request"},{"_id":"fld_022a953dfbd0407d9ceff6f64b8ab51b","parentId":"wrk_d7b7c77e3aea4a98bca57462d9de2d63","modified":1652382561774,"created":1652382178535,"name":"Staff","description":"","environment":{},"environmentPropertyOrder":null,"metaSortKey":-1652271057808,"_type":"request_group"},{"_id":"req_96fe84a52c06491fb4c84bbb95d76de7","parentId":"fld_022a953dfbd0407d9ceff6f64b8ab51b","modified":1652395302754,"created":1652382262580,"url":"http://localhost:4000/api/v0.0/staff/4","name":"/staff/","description":"","method":"GET","body":{"mimeType":"application/json","text":""},"parameters":[],"headers":[],"authentication":{},"metaSortKey":-1652339549818.7812,"isPrivate":false,"settingStoreCookies":true,"settingSendCookies":true,"settingDisableRenderRequestBody":false,"settingEncodeUrl":true,"settingRebuildPath":true,"settingFollowRedirects":"global","_type":"request"},{"_id":"req_642fc24eef944feba1530301a43dfbb2","parentId":"fld_022a953dfbd0407d9ceff6f64b8ab51b","modified":1652436557858,"created":1652382278685,"url":"http://localhost:4000/api/v0.0/staff/","name":"/staff/","description":"","method":"POST","body":{"mimeType":"application/json","text":"{\n\t\t\"Name\": \"Gabriel\",\n\t\t\"DNI\": \"12349135\",\n\t  \"Password\": \"1232974235\",\n\t\t\"Email\": \"loquesea@gmail.com\",\n\t\t\"Phone\": \"620121212\",\n\t\t\"Address\": \"15179\",\n\t\t\"Active\": 1\n\t}"},"parameters":[],"headers":[{"name":"Content-Type","value":"application/json","id":"pair_3bd6c1d8332b411586707e6ba650ff1d","disabled":false}],"authentication":{},"metaSortKey":-1652339549768.7812,"isPrivate":false,"settingStoreCookies":true,"settingSendCookies":true,"settingDisableRenderRequestBody":false,"settingEncodeUrl":true,"settingRebuildPath":true,"settingFollowRedirects":"global","_type":"request"},{"_id":"req_a46e9f7ee30845faba67685f385729c2","parentId":"fld_022a953dfbd0407d9ceff6f64b8ab51b","modified":1652436561222,"created":1652382296417,"url":"http://localhost:4000/api/v0.0/staff","name":"/staff/","description":"","method":"PUT","body":{"mimeType":"application/json","text":"{\n\t\t\"Staff_id\": 3,\n\t\t\"Name\": \"Elisa\",\n\t\t\"DNI\": \"12345678\",\n\t\t\"Email\": \"loquesea@gmail.com\",\n\t\t\"Phone\": \"620121212\",\n\t\t\"Address\": \"18006\",\n\t\t\"Active\": 1\n}\n\n"},"parameters":[],"headers":[{"name":"Content-Type","value":"application/json","id":"pair_4946d699d3c54a469651952109b7bce0"}],"authentication":{},"metaSortKey":-1652339549718.7812,"isPrivate":false,"settingStoreCookies":true,"settingSendCookies":true,"settingDisableRenderRequestBody":false,"settingEncodeUrl":true,"settingRebuildPath":true,"settingFollowRedirects":"global","_type":"request"},{"_id":"req_784527dc7323472c9a9ee634082e212b","parentId":"fld_022a953dfbd0407d9ceff6f64b8ab51b","modified":1652436559507,"created":1652382315041,"url":"http://localhost:4000/api/v0.0/staff/","name":"/staff/","description":"","method":"DELETE","body":{"mimeType":"application/json","text":"{\n\t\"Staff_id\": 2\n}"},"parameters":[],"headers":[{"name":"Content-Type","value":"application/json","id":"pair_eae20e770d7f42a2ac5249045874aceb"}],"authentication":{},"metaSortKey":-1652339549668.7812,"isPrivate":false,"settingStoreCookies":true,"settingSendCookies":true,"settingDisableRenderRequestBody":false,"settingEncodeUrl":true,"settingRebuildPath":true,"settingFollowRedirects":"global","_type":"request"},{"_id":"env_c563b642eff131cb3f1c5228bd74b60bb2451d03","parentId":"wrk_d7b7c77e3aea4a98bca57462d9de2d63","modified":1652266494019,"created":1652266494019,"name":"Base Environment","data":{},"dataPropertyOrder":null,"color":null,"isPrivate":false,"metaSortKey":1652266494019,"_type":"environment"},{"_id":"jar_c563b642eff131cb3f1c5228bd74b60bb2451d03","parentId":"wrk_d7b7c77e3aea4a98bca57462d9de2d63","modified":1652266494023,"created":1652266494023,"name":"Default Jar","cookies":[],"_type":"cookie_jar"},{"_id":"spc_41624902db314790ab64854d0de4aaa2","parentId":"wrk_d7b7c77e3aea4a98bca57462d9de2d63","modified":1652266494009,"created":1652266494009,"fileName":"Luawave","contents":"","contentType":"yaml","_type":"api_spec"}]}